Exemplar_Size,Task 1,Task 2,Task 3,Task 4,Task 5,Method
100,0.9664948453608248,0.452,0.2767710049423393,0.3068181818181818,0.3997493734335839,EWC_Replay
100,0.9695945945945946,0.765748031496063,0.5996677740863787,0.3352353780313837,0.2080200501253132,EWC_Replay
100,0.996875,0.5955249569707401,0.1649831649831649,0.4587554269175108,0.3145363408521303,EWC_Replay
100,1.0,0.7303921568627451,0.4650283553875236,0.3176100628930817,0.2030075187969924,EWC_Replay
100,0.9660194174757282,0.5737327188940092,0.3145009416195857,0.1996855345911949,0.3145363408521303,EWC_Replay
100,0.9814126394052044,0.5352112676056338,0.3063973063973064,0.3476394849785407,0.3045112781954887,EWC_Replay
100,0.9902912621359224,0.6418269230769231,0.2213592233009708,0.2122641509433962,0.2042606516290726,EWC_Replay
100,0.9562841530054644,0.5543859649122806,0.4095513748191027,0.4636942675159236,0.0363408521303258,EWC_Replay
100,0.9680851063829788,0.6694214876033058,0.4743801652892562,0.4406294706723891,0.2994987468671679,EWC_Replay
100,0.9695945945945946,0.5976095617529881,0.4457429048414023,0.4069264069264069,0.2218045112781954,EWC_Replay
100,0.9590163934426228,0.4958847736625514,0.3448275862068966,0.327917282127031,0.3145363408521303,EWC_Replay
100,0.9722991689750692,0.5711252653927813,0.3859649122807017,0.3500738552437223,0.2982456140350877,EWC_Replay
100,0.9934640522875816,0.629881154499151,0.4708454810495627,0.1130185979971387,0.4536340852130325,EWC_Replay
100,0.9808917197452228,0.6085271317829457,0.2230623818525519,0.3380503144654088,0.2042606516290726,EWC_Replay
100,0.986046511627907,0.7751004016064257,0.4729729729729729,0.2432045779685264,0.2819548872180451,EWC_Replay
100,0.9633507853403142,0.578,0.4292929292929293,0.3328509406657018,0.2781954887218045,EWC_Replay
100,0.9669421487603306,0.5044722719141324,0.2814685314685314,0.2289512555391432,0.3508771929824561,EWC_Replay
100,0.971830985915493,0.4669051878354204,0.3674698795180723,0.2955414012738853,0.2406015037593984,EWC_Replay
100,0.9932432432432432,0.5441860465116279,0.2271880819366853,0.3553459119496855,0.2030075187969924,EWC_Replay
100,0.9808917197452228,0.4408233276157804,0.0738255033557047,0.2439372325249643,0.3508771929824561,EWC_Replay
100,0.9861751152073732,0.5327313769751693,0.4990689013035381,0.234620886981402,0.4135338345864661,EWC_Replay
100,0.9671532846715328,0.5588235294117647,0.3982456140350877,0.465288035450517,0.4360902255639097,EWC_Replay
100,0.9659685863874344,0.4322709163346613,0.3476112026359143,0.2653352353780314,0.2243107769423558,EWC_Replay
100,1.0,0.5687885010266941,0.7037037037037037,0.4978540772532189,0.4160401002506265,EWC_Replay
100,0.9953488372093025,0.5302325581395348,0.2309124767225326,0.2028301886792453,0.2017543859649122,EWC_Replay
100,0.9694189602446484,0.4508009153318077,0.2687813021702838,0.2414772727272727,0.3483709273182957,EWC_Replay
100,0.9660194174757282,0.6584867075664622,0.2751677852348993,0.2125534950071326,0.3496240601503759,EWC_Replay
100,0.9797297297297296,0.5154004106776181,0.3969594594594595,0.3676680972818312,0.5162907268170426,EWC_Replay
100,0.9562841530054644,0.4479717813051146,0.3237951807228915,0.1344165435745938,0.2656641604010025,EWC_Replay
100,0.99163179916318,0.7283464566929134,0.5448504983388704,0.4279600570613409,0.2280701754385964,EWC_Replay
303,0.9561855670103092,0.676,0.4612850082372323,0.3096590909090909,0.2644110275689223,EWC_Replay
303,0.9864864864864864,0.6259842519685039,0.6129568106312292,0.4764621968616263,0.4411027568922305,EWC_Replay
303,0.996875,0.5180722891566265,0.3754208754208754,0.3661360347322721,0.2644110275689223,EWC_Replay
303,0.9950980392156864,0.6470588235294118,0.4555765595463138,0.360062893081761,0.3208020050125313,EWC_Replay
303,0.9805825242718448,0.6082949308755761,0.3578154425612053,0.3160377358490566,0.2230576441102756,EWC_Replay
303,0.9702602230483272,0.5472837022132797,0.2912457912457912,0.2546494992846924,0.2894736842105263,EWC_Replay
303,0.9935275080906149,0.4615384615384615,0.4679611650485437,0.2783018867924528,0.2055137844611528,EWC_Replay
303,0.9590163934426228,0.5,0.4587554269175108,0.4280254777070064,0.1979949874686716,EWC_Replay
303,0.9574468085106383,0.6198347107438017,0.3223140495867768,0.4449213161659514,0.2994987468671679,EWC_Replay
303,0.9662162162162162,0.5199203187250996,0.4323873121869783,0.4025974025974026,0.2932330827067669,EWC_Replay
303,0.9590163934426228,0.565843621399177,0.4724137931034483,0.3471196454948301,0.2656641604010025,EWC_Replay
303,0.9778393351800554,0.6411889596602972,0.2578947368421053,0.4372230428360413,0.3057644110275689,EWC_Replay
303,0.9901960784313726,0.6570458404074703,0.543731778425656,0.1087267525035765,0.2894736842105263,EWC_Replay
303,0.9777070063694268,0.4573643410852713,0.2041587901701323,0.2075471698113207,0.2030075187969924,EWC_Replay
303,0.9953488372093025,0.7650602409638554,0.5016891891891891,0.3433476394849785,0.2631578947368421,EWC_Replay
303,0.9659685863874344,0.516,0.2979797979797979,0.548480463096961,0.3533834586466165,EWC_Replay
303,0.9724517906336088,0.6493738819320215,0.3339160839160839,0.2407680945347119,0.424812030075188,EWC_Replay
303,0.9746478873239436,0.6565295169946332,0.411144578313253,0.4802547770700637,0.3997493734335839,EWC_Replay
303,0.9966216216216216,0.7023255813953488,0.4245810055865922,0.3034591194968553,0.2030075187969924,EWC_Replay
303,0.9840764331210192,0.6861063464837049,0.2651006711409396,0.1968616262482168,0.2969924812030075,EWC_Replay
303,0.9907834101382488,0.5372460496613995,0.3985102420856611,0.228898426323319,0.4862155388471177,EWC_Replay
303,0.9635036496350364,0.5567226890756303,0.4087719298245614,0.2983751846381093,0.2543859649122807,EWC_Replay
303,0.9607329842931938,0.6533864541832669,0.4810543657331136,0.3965763195435092,0.2619047619047619,EWC_Replay
303,0.9950980392156864,0.5667351129363449,0.3047138047138047,0.3633762517882689,0.3721804511278195,EWC_Replay
303,0.9953488372093025,0.5302325581395348,0.3687150837988827,0.3757861635220126,0.2017543859649122,EWC_Replay
303,0.9724770642201837,0.448512585812357,0.2637729549248748,0.2982954545454545,0.3558897243107769,EWC_Replay
303,0.9757281553398058,0.5725971370143149,0.3389261744966443,0.4222539229671897,0.2706766917293233,EWC_Replay
303,0.9695945945945946,0.4681724845995893,0.2922297297297297,0.4864091559370529,0.3220551378446115,EWC_Replay
303,0.9617486338797814,0.5767195767195767,0.3313253012048193,0.2437223042836041,0.2092731829573934,EWC_Replay
303,0.99163179916318,0.5610236220472441,0.4950166112956811,0.3580599144079885,0.2568922305764411,EWC_Replay
921,0.9587628865979382,0.592,0.357495881383855,0.3678977272727273,0.424812030075188,EWC_Replay
921,0.983108108108108,0.6417322834645669,0.6478405315614618,0.5549215406562055,0.2882205513784461,EWC_Replay
921,0.99375,0.6884681583476764,0.3787878787878788,0.2720694645441389,0.2744360902255639,EWC_Replay
921,0.9950980392156864,0.5588235294117647,0.5293005671077504,0.2908805031446541,0.2092731829573934,EWC_Replay
921,0.9805825242718448,0.7557603686635944,0.3559322033898305,0.2264150943396226,0.3308270676691729,EWC_Replay
921,0.9776951672862454,0.7183098591549296,0.5370370370370371,0.3147353361945637,0.3245614035087719,EWC_Replay
921,0.9773462783171522,0.6850961538461539,0.6349514563106796,0.5235849056603774,0.5375939849624061,EWC_Replay
921,0.9590163934426228,0.5754385964912281,0.4356005788712012,0.4547770700636943,0.175438596491228,EWC_Replay
921,0.9645390070921984,0.8037190082644629,0.4694214876033057,0.4406294706723891,0.3245614035087719,EWC_Replay
921,0.9527027027027029,0.7948207171314741,0.7378964941569283,0.6204906204906205,0.3621553884711779,EWC_Replay
921,0.9562841530054644,0.6069958847736625,0.5120689655172413,0.4505169867060561,0.3020050125313283,EWC_Replay
921,0.9667590027700832,0.6029723991507431,0.543859649122807,0.4623338257016248,0.2982456140350877,EWC_Replay
921,0.9836601307189542,0.6366723259762309,0.3760932944606414,0.2560801144492131,0.3345864661654135,EWC_Replay
921,0.9777070063694268,0.8449612403100775,0.0321361058601134,0.3270440251572327,0.2418546365914786,EWC_Replay
921,0.9906976744186048,0.7730923694779116,0.7820945945945946,0.4778254649499284,0.4360902255639097,EWC_Replay
921,0.9685863874345548,0.434,0.2962962962962963,0.3039073806078147,0.2656641604010025,EWC_Replay
921,0.9696969696969696,0.6457960644007156,0.3444055944055944,0.3426883308714918,0.4686716791979949,EWC_Replay
921,0.971830985915493,0.4221824686940966,0.3177710843373494,0.4420382165605095,0.2994987468671679,EWC_Replay
921,0.9932432432432432,0.5604651162790698,0.5642458100558659,0.4512578616352201,0.1979949874686716,EWC_Replay
921,0.9777070063694268,0.6586620926243568,0.1577181208053691,0.2524964336661912,0.2418546365914786,EWC_Replay
921,0.9861751152073732,0.6975169300225733,0.4729981378026071,0.2732474964234621,0.2694235588972431,EWC_Replay
921,0.9671532846715328,0.5756302521008403,0.3368421052631579,0.4268833087149187,0.3195488721804511,EWC_Replay
921,0.9607329842931938,0.7131474103585658,0.4794069192751236,0.3651925820256776,0.2468671679197994,EWC_Replay
921,0.9950980392156864,0.5913757700205339,0.3872053872053872,0.17310443490701,0.2355889724310776,EWC_Replay
921,0.9953488372093025,0.7627906976744186,0.5791433891992551,0.5141509433962265,0.2882205513784461,EWC_Replay
921,0.9663608562691132,0.8581235697940504,0.4524207011686144,0.4019886363636363,0.4210526315789473,EWC_Replay
921,0.9757281553398058,0.7464212678936605,0.4345637583892617,0.383737517831669,0.3759398496240601,EWC_Replay
921,0.9594594594594594,0.7002053388090349,0.4391891891891892,0.4663805436337625,0.3734335839598997,EWC_Replay
921,0.9590163934426228,0.7072310405643739,0.4352409638554217,0.3042836041358936,0.2832080200501253,EWC_Replay
921,0.98744769874477,0.7716535433070866,0.5,0.340941512125535,0.3007518796992481,EWC_Replay
2795,0.963917525773196,0.67,0.4266886326194398,0.4602272727272727,0.4122807017543859,EWC_Replay
2795,0.9763513513513512,0.7303149606299213,0.6611295681063123,0.4907275320970042,0.4260651629072681,EWC_Replay
2795,0.990625,0.7383820998278829,0.4343434343434343,0.3661360347322721,0.2456140350877192,EWC_Replay
2795,0.9950980392156864,0.6740196078431373,0.4706994328922495,0.6682389937106918,0.4536340852130325,EWC_Replay
2795,0.9660194174757282,0.7050691244239631,0.2617702448210923,0.1823899371069182,0.2694235588972431,EWC_Replay
2795,0.9628252788104088,0.579476861167002,0.5336700336700336,0.2732474964234621,0.3822055137844611,EWC_Replay
2795,0.9870550161812298,0.5096153846153846,0.6,0.2122641509433962,0.4197994987468672,EWC_Replay
2795,0.953551912568306,0.4842105263157895,0.426917510853835,0.4152866242038217,0.2531328320802005,EWC_Replay
2795,0.9680851063829788,0.5578512396694215,0.4925619834710744,0.4806866952789699,0.4060150375939849,EWC_Replay
2795,0.9695945945945946,0.6374501992031872,0.5459098497495827,0.3838383838383838,0.3684210526315789,EWC_Replay
2795,0.9617486338797814,0.3991769547325103,0.5913793103448276,0.4475627769571639,0.2969924812030075,EWC_Replay
2795,0.9722991689750692,0.7091295116772823,0.3929824561403509,0.5745937961595273,0.3408521303258145,EWC_Replay
2795,0.9738562091503268,0.466893039049236,0.4679300291545189,0.2389127324749642,0.3370927318295739,EWC_Replay
2795,0.9840764331210192,0.5251937984496124,0.2873345935727788,0.4685534591194968,0.2756892230576441,EWC_Replay
2795,0.9953488372093025,0.7550200803212851,0.4712837837837837,0.4234620886981402,0.2894736842105263,EWC_Replay
2795,0.9633507853403142,0.556,0.2878787878787879,0.2706222865412446,0.3508771929824561,EWC_Replay
2795,0.9669421487603306,0.5652951699463328,0.3881118881118881,0.3545051698670605,0.4536340852130325,EWC_Replay
2795,0.9690140845070424,0.7316636851520573,0.3689759036144578,0.4394904458598726,0.2969924812030075,EWC_Replay
2795,1.0,0.5813953488372093,0.4264432029795158,0.3034591194968553,0.1979949874686716,EWC_Replay
2795,0.9904458598726116,0.6243567753001715,0.3926174496644295,0.2767475035663338,0.3997493734335839,EWC_Replay
2795,0.9861751152073732,0.6523702031602708,0.6145251396648045,0.4220314735336195,0.1904761904761904,EWC_Replay
2795,0.95985401459854,0.5378151260504201,0.4982456140350877,0.4623338257016248,0.3258145363408521,EWC_Replay
2795,0.9581151832460733,0.6294820717131474,0.2602965403624382,0.3865905848787446,0.2180451127819548,EWC_Replay
2795,0.9950980392156864,0.5667351129363449,0.3148148148148148,0.2503576537911302,0.4097744360902255,EWC_Replay
2795,0.9906976744186048,0.7976744186046512,0.590316573556797,0.2908805031446541,0.2042606516290726,EWC_Replay
2795,0.9755351681957186,0.517162471395881,0.3873121869782971,0.2613636363636363,0.3634085213032581,EWC_Replay
2795,0.9660194174757282,0.7566462167689162,0.4932885906040268,0.4008559201141227,0.4974937343358396,EWC_Replay
2795,0.9628378378378378,0.7618069815195072,0.3817567567567567,0.3876967095851216,0.4210526315789473,EWC_Replay
2795,0.9590163934426228,0.6437389770723104,0.4503012048192771,0.3426883308714918,0.3746867167919799,EWC_Replay
2795,0.99581589958159,0.6692913385826772,0.4235880398671096,0.3166904422253923,0.2894736842105263,EWC_Replay
215,0.961340206185567,0.392,0.3047775947281713,0.2982954545454545,0.2944862155388471,EWC_Replay
215,0.9797297297297296,0.6200787401574803,0.6013289036544851,0.4721825962910128,0.3095238095238095,EWC_Replay
215,0.99375,0.6110154905335629,0.2878787878787879,0.2633863965267728,0.2807017543859649,EWC_Replay
215,0.9901960784313726,0.7426470588235294,0.610586011342155,0.3333333333333333,0.200501253132832,EWC_Replay
215,0.9757281553398058,0.5506912442396313,0.2824858757062147,0.2154088050314465,0.1992481203007518,EWC_Replay
215,0.9851301115241636,0.6498993963782697,0.4427609427609427,0.3862660944206008,0.3120300751879699,EWC_Replay
215,0.9902912621359224,0.4302884615384615,0.5514563106796116,0.2295597484276729,0.2030075187969924,EWC_Replay
215,0.9480874316939892,0.5982456140350877,0.4384949348769899,0.240764331210191,0.0175438596491228,EWC_Replay
215,0.9645390070921984,0.5702479338842975,0.424793388429752,0.3977110157367668,0.3383458646616541,EWC_Replay
215,0.9797297297297296,0.6733067729083665,0.4524207011686144,0.391053391053391,0.3045112781954887,EWC_Replay
215,0.9562841530054644,0.4238683127572016,0.2120689655172414,0.2644017725258493,0.3659147869674185,EWC_Replay
215,0.9667590027700832,0.4904458598726114,0.4368421052631579,0.4062038404726735,0.3095238095238095,EWC_Replay
215,0.9934640522875816,0.6706281833616299,0.6341107871720116,0.3090128755364807,0.2832080200501253,EWC_Replay
215,0.9904458598726116,0.7344961240310077,0.332703213610586,0.190251572327044,0.2681704260651629,EWC_Replay
215,0.9906976744186048,0.748995983935743,0.5945945945945946,0.290414878397711,0.4348370927318296,EWC_Replay
215,0.9633507853403142,0.57,0.5606060606060606,0.3921852387843705,0.3170426065162907,EWC_Replay
215,0.9724517906336088,0.554561717352415,0.3304195804195804,0.3471196454948301,0.3483709273182957,EWC_Replay
215,0.9690140845070424,0.4991055456171735,0.2545180722891566,0.3095541401273885,0.2869674185463659,EWC_Replay
215,0.9932432432432432,0.413953488372093,0.2681564245810056,0.5455974842767296,0.200501253132832,EWC_Replay
215,0.9840764331210192,0.4562607204116638,0.1375838926174496,0.3937232524964336,0.2556390977443609,EWC_Replay
215,0.9907834101382488,0.5349887133182845,0.4636871508379888,0.3719599427753934,0.3671679197994987,EWC_Replay
215,0.9708029197080292,0.5588235294117647,0.3789473684210526,0.3810930576070901,0.4122807017543859,EWC_Replay
215,0.9554973821989527,0.7430278884462151,0.2899505766062603,0.5206847360912982,0.4385964912280701,EWC_Replay
215,0.9852941176470588,0.5626283367556468,0.2289562289562289,0.1874105865522174,0.3458646616541353,EWC_Replay
215,0.9906976744186048,0.5581395348837209,0.4301675977653631,0.2138364779874214,0.2030075187969924,EWC_Replay
215,0.981651376146789,0.3752860411899313,0.2721202003338898,0.3920454545454545,0.3007518796992481,EWC_Replay
215,0.9660194174757282,0.5541922290388548,0.25,0.2981455064194008,0.3696741854636591,EWC_Replay
215,0.972972972972973,0.8809034907597536,0.3851351351351351,0.3733905579399141,0.3521303258145363,EWC_Replay
215,0.9590163934426228,0.6402116402116402,0.4337349397590361,0.2437223042836041,0.3157894736842105,EWC_Replay
215,0.99581589958159,0.6988188976377953,0.2857142857142857,0.4864479315263909,0.2781954887218045,EWC_Replay
100,0.9690721649484536,0.48,0.3937397034596375,0.4389204545454545,0.4185463659147869,Random
100,0.9628378378378378,0.7145669291338582,0.579734219269103,0.3609129814550642,0.3471177944862155,Random
100,0.990625,0.6006884681583476,0.398989898989899,0.3762662807525325,0.2167919799498746,Random
100,0.9950980392156864,0.5196078431372549,0.4347826086956521,0.1918238993710692,0.2030075187969924,Random
100,0.9757281553398058,0.7327188940092166,0.2372881355932203,0.1729559748427672,0.2017543859649122,Random
100,0.9553903345724908,0.5593561368209256,0.3737373737373737,0.2889842632331902,0.3909774436090225,Random
100,0.9870550161812298,0.6610576923076923,0.2951456310679611,0.2028301886792453,0.2017543859649122,Random
100,0.9672131147540984,0.7736842105263158,0.4645441389290883,0.4407643312101911,0.2092731829573934,Random
100,0.9574468085106383,0.5557851239669421,0.424793388429752,0.3533619456366237,0.2919799498746867,Random
100,0.972972972972973,0.5258964143426295,0.328881469115192,0.5425685425685426,0.18796992481203,Random
100,0.9590163934426228,0.5308641975308642,0.5275862068965518,0.327917282127031,0.2669172932330827,Random
100,0.9750692520775625,0.5435244161358811,0.2771929824561403,0.3737075332348596,0.4411027568922305,Random
100,0.9901960784313726,0.6247877758913413,0.4591836734693877,0.1545064377682403,0.3471177944862155,Random
100,0.9777070063694268,0.3972868217054263,0.2041587901701323,0.1871069182389937,0.2055137844611528,Random
100,0.9906976744186048,0.6887550200803213,0.4239864864864865,0.3061516452074392,0.2731829573934837,Random
100,0.9712041884816754,0.374,0.5976430976430976,0.4515195369030391,0.3245614035087719,Random
100,0.977961432506887,0.5581395348837209,0.215034965034965,0.3677991137370753,0.3395989974937343,Random
100,0.9690140845070424,0.5152057245080501,0.3524096385542168,0.264968152866242,0.0739348370927318,Random
100,0.9932432432432432,0.5488372093023256,0.3966480446927374,0.4182389937106918,0.200501253132832,Random
100,0.9777070063694268,0.6003430531732419,0.2768456375838926,0.1768901569186876,0.4060150375939849,Random
100,0.9861751152073732,0.5440180586907449,0.8342644320297952,0.3705293276108726,0.4298245614035088,Random
100,0.9708029197080292,0.5630252100840336,0.5070175438596491,0.3087149187592319,0.3095238095238095,Random
100,0.9528795811518324,0.4681274900398406,0.3097199341021416,0.3708987161198288,0.2330827067669172,Random
100,0.9852941176470588,0.6324435318275154,0.4124579124579124,0.3991416309012875,0.3872180451127819,Random
100,0.9953488372093025,0.5348837209302325,0.3873370577281191,0.3113207547169811,0.2907268170426065,Random
100,0.9724770642201837,0.4118993135011441,0.2787979966611018,0.3338068181818182,0.4598997493734336,Random
100,0.9805825242718448,0.6073619631901841,0.3070469798657718,0.1669044222539229,0.2280701754385964,Random
100,0.9932432432432432,0.6078028747433265,0.2854729729729729,0.2045779685264663,0.1804511278195488,Random
100,0.9590163934426228,0.6984126984126984,0.4412650602409638,0.1654357459379616,0.3471177944862155,Random
100,0.98744769874477,0.7224409448818898,0.5481727574750831,0.3922967189728958,0.2781954887218045,Random
303,0.961340206185567,0.626,0.4497528830313015,0.4417613636363636,0.3984962406015037,Random
303,0.9662162162162162,0.7598425196850394,0.6129568106312292,0.4764621968616263,0.3583959899749373,Random
303,0.996875,0.8657487091222031,0.3585858585858585,0.3342981186685962,0.2330827067669172,Random
303,0.9901960784313726,0.6691176470588235,0.6030245746691871,0.3349056603773584,0.2080200501253132,Random
303,0.9757281553398058,0.7649769585253456,0.3709981167608286,0.1918238993710692,0.1979949874686716,Random
303,0.9851301115241636,0.5231388329979879,0.4629629629629629,0.2460658082975679,0.2857142857142857,Random
303,0.9838187702265372,0.5120192307692307,0.7126213592233009,0.3883647798742138,0.2017543859649122,Random
303,0.9590163934426228,0.3964912280701754,0.4225759768451519,0.3796178343949045,0.2230576441102756,Random
303,0.9680851063829788,0.7086776859504132,0.4892561983471074,0.5364806866952789,0.3621553884711779,Random
303,0.9594594594594594,0.7071713147410359,0.6076794657762938,0.4704184704184704,0.3283208020050125,Random
303,0.9590163934426228,0.6111111111111112,0.4620689655172413,0.4047267355982274,0.3496240601503759,Random
303,0.9722991689750692,0.5774946921443737,0.3736842105263158,0.3367799113737075,0.3145363408521303,Random
303,0.9901960784313726,0.6383701188455009,0.3935860058309038,0.0958512160228898,0.2894736842105263,Random
303,0.9745222929936306,0.5736434108527132,0.2155009451795841,0.2232704402515723,0.2055137844611528,Random
303,0.9906976744186048,0.7811244979919679,0.4121621621621621,0.3948497854077253,0.2205513784461152,Random
303,0.9554973821989527,0.422,0.3282828282828283,0.2894356005788712,0.244360902255639,Random
303,0.975206611570248,0.6547406082289803,0.2395104895104895,0.3042836041358936,0.3421052631578947,Random
303,0.971830985915493,0.4722719141323792,0.4367469879518072,0.3643312101910828,0.2919799498746867,Random
303,0.9966216216216216,0.7255813953488373,0.3705772811918063,0.4025157232704403,0.2218045112781954,Random
303,0.9872611464968152,0.6072041166380789,0.2533557046979866,0.2453637660485021,0.3897243107769423,Random
303,0.9907834101382488,0.5349887133182845,0.435754189944134,0.228898426323319,0.2944862155388471,Random
303,0.9671532846715328,0.6407563025210085,0.3210526315789473,0.3810930576070901,0.3909774436090225,Random
303,0.9659685863874344,0.3725099601593625,0.2619439868204283,0.2881597717546362,0.2631578947368421,Random
303,0.9950980392156864,0.5585215605749486,0.3720538720538721,0.3247496423462088,0.2468671679197994,Random
303,0.986046511627907,0.6744186046511628,0.2476722532588454,0.3411949685534591,0.2042606516290726,Random
303,0.9724770642201837,0.4141876430205949,0.2737896494156928,0.2784090909090909,0.4273182957393484,Random
303,0.9757281553398058,0.65439672801636,0.2919463087248322,0.3480741797432239,0.2882205513784461,Random
303,0.9695945945945946,0.5215605749486653,0.366554054054054,0.2889842632331902,0.3884711779448621,Random
303,0.9590163934426228,0.5802469135802469,0.2966867469879518,0.2392909896602658,0.2681704260651629,Random
303,0.98744769874477,0.7992125984251969,0.5049833887043189,0.2838801711840228,0.2681704260651629,Random
921,0.961340206185567,0.654,0.3937397034596375,0.3053977272727273,0.3947368421052631,Random
921,0.9797297297297296,0.4251968503937008,0.4850498338870432,0.4236804564907275,0.3909774436090225,Random
921,0.996875,0.8072289156626506,0.3754208754208754,0.4529667149059334,0.3345864661654135,Random
921,0.9852941176470588,0.5073529411764706,0.4480151228733459,0.3254716981132075,0.3132832080200501,Random
921,0.970873786407767,0.7626728110599078,0.448210922787194,0.1996855345911949,0.3157894736842105,Random
921,0.9888475836431226,0.5895372233400402,0.2962962962962963,0.3175965665236051,0.4473684210526316,Random
921,0.9935275080906149,0.5432692307692307,0.4252427184466019,0.2311320754716981,0.2180451127819548,Random
921,0.9617486338797814,0.543859649122807,0.4254703328509406,0.4535031847133758,0.3508771929824561,Random
921,0.9574468085106383,0.5495867768595041,0.5008264462809917,0.4148783977110157,0.3634085213032581,Random
921,0.9763513513513512,0.750996015936255,0.3171953255425709,0.341991341991342,0.2493734335839598,Random
921,0.9590163934426228,0.5967078189300411,0.4448275862068965,0.3589364844903988,0.3220551378446115,Random
921,0.9667590027700832,0.5562632696390658,0.4035087719298245,0.3234859675036927,0.3082706766917293,Random
921,0.9869281045751634,0.634974533106961,0.4956268221574344,0.217453505007153,0.3784461152882205,Random
921,0.9777070063694268,0.5755813953488372,0.3043478260869565,0.3537735849056603,0.2042606516290726,Random
921,0.9906976744186048,0.7690763052208835,0.4831081081081081,0.4120171673819742,0.3208020050125313,Random
921,0.9764397905759162,0.694,0.5168350168350169,0.4341534008683068,0.3120300751879699,Random
921,0.9696969696969696,0.7871198568872988,0.2377622377622377,0.3766617429837518,0.3508771929824561,Random
921,0.971830985915493,0.631484794275492,0.378012048192771,0.2738853503184713,0.1666666666666666,Random
921,0.9898648648648648,0.5,0.3929236499068901,0.3333333333333333,0.3208020050125313,Random
921,0.9840764331210192,0.6483704974271012,0.2348993288590604,0.2439372325249643,0.3421052631578947,Random
921,0.9907834101382488,0.5372460496613995,0.4432029795158286,0.3762517882689556,0.4260651629072681,Random
921,0.9671532846715328,0.7436974789915967,0.4964912280701754,0.4062038404726735,0.3546365914786967,Random
921,0.9712041884816754,0.8147410358565738,0.4365733113673805,0.5620542082738944,0.4298245614035088,Random
921,1.0,0.7720739219712526,0.3905723905723905,0.3662374821173104,0.5363408521303258,Random
921,0.9906976744186048,0.858139534883721,0.5027932960893855,0.3380503144654088,0.1917293233082706,Random
921,0.9785932721712538,0.816933638443936,0.3555926544240401,0.2571022727272727,0.3458646616541353,Random
921,0.9757281553398058,0.7484662576687117,0.5687919463087249,0.5192582025677603,0.5037593984962406,Random
921,0.956081081081081,0.7371663244353183,0.5,0.3433476394849785,0.3408521303258145,Random
921,0.9590163934426228,0.6472663139329806,0.4503012048192771,0.1846381093057607,0.2781954887218045,Random
921,0.99163179916318,0.702755905511811,0.6794019933554817,0.3395149786019971,0.2694235588972431,Random
2795,0.963917525773196,0.472,0.4266886326194398,0.375,0.2268170426065162,Random
2795,0.9662162162162162,0.5433070866141733,0.5963455149501661,0.369472182596291,0.4185463659147869,Random
2795,0.971875,0.6092943201376936,0.2138047138047138,0.3777134587554269,0.3295739348370927,Random
2795,0.9950980392156864,0.7328431372549019,0.5727788279773157,0.4606918238993711,0.206766917293233,Random
2795,0.9805825242718448,0.684331797235023,0.32015065913371,0.2515723270440251,0.2493734335839598,Random
2795,0.9814126394052044,0.7525150905432596,0.5067340067340067,0.4220314735336195,0.474937343358396,Random
2795,0.9902912621359224,0.5625,0.5805825242718446,0.3427672955974842,0.3383458646616541,Random
2795,0.9508196721311476,0.5578947368421052,0.4399421128798842,0.5490445859872611,0.231829573934837,Random
2795,0.953900709219858,0.8471074380165289,0.3801652892561983,0.4177396280400572,0.3997493734335839,Random
2795,0.9797297297297296,0.749003984063745,0.667779632721202,0.4632034632034632,0.3007518796992481,Random
2795,0.9590163934426228,0.5637860082304527,0.4741379310344827,0.4165435745937961,0.4135338345864661,Random
2795,0.9806094182825484,0.4904458598726114,0.5754385964912281,0.5406203840472673,0.3884711779448621,Random
2795,0.9869281045751634,0.6434634974533107,0.4256559766763848,0.2918454935622318,0.4035087719298245,Random
2795,0.9808917197452228,0.6182170542635659,0.22117202268431,0.3427672955974842,0.3233082706766917,Random
2795,0.9953488372093025,0.6004016064257028,0.304054054054054,0.278969957081545,0.2731829573934837,Random
2795,0.9712041884816754,0.36,0.4629629629629629,0.406657018813314,0.2957393483709273,Random
2795,0.9807162534435262,0.6833631484794276,0.6083916083916084,0.3530280649926144,0.3070175438596491,Random
2795,0.9746478873239436,0.6547406082289803,0.4608433734939759,0.4815286624203821,0.4172932330827067,Random
2795,0.9695945945945946,0.5767441860465117,0.404096834264432,0.3018867924528302,0.1967418546365914,Random
2795,0.9872611464968152,0.5951972555746141,0.2080536912751678,0.2767475035663338,0.3959899749373433,Random
2795,0.9907834101382488,0.54627539503386,0.5232774674115456,0.3390557939914163,0.2781954887218045,Random
2795,0.95985401459854,0.5462184873949579,0.4894736842105263,0.4224519940915805,0.2681704260651629,Random
2795,0.9685863874345548,0.7390438247011952,0.3130148270181219,0.5049928673323824,0.3721804511278195,Random
2795,1.0,0.7494866529774127,0.2693602693602693,0.3276108726752503,0.3909774436090225,Random
2795,0.9906976744186048,0.986046511627907,0.7392923649906891,0.5518867924528302,0.2092731829573934,Random
2795,0.9755351681957186,0.7254004576659039,0.332220367278798,0.3153409090909091,0.3696741854636591,Random
2795,0.970873786407767,0.5950920245398773,0.5,0.4935805991440798,0.43734335839599,Random
2795,0.9797297297297296,0.5687885010266941,0.3209459459459459,0.4706723891273247,0.4135338345864661,Random
2795,0.9590163934426228,0.6984126984126984,0.4879518072289157,0.3692762186115214,0.3007518796992481,Random
2795,0.99581589958159,0.6791338582677166,0.4767441860465116,0.2981455064194008,0.2656641604010025,Random
215,0.9690721649484536,0.774,0.3805601317957166,0.3210227272727273,0.3884711779448621,Random
215,0.9695945945945946,0.7322834645669292,0.4833887043189369,0.4108416547788873,0.2794486215538847,Random
215,0.990625,0.6161790017211703,0.1481481481481481,0.2648335745296671,0.2092731829573934,Random
215,0.9901960784313726,0.7107843137254902,0.4026465028355387,0.2248427672955975,0.2017543859649122,Random
215,0.970873786407767,0.7211981566820277,0.3314500941619586,0.1839622641509433,0.3245614035087719,Random
215,0.9739776951672864,0.641851106639839,0.3484848484848485,0.3376251788268956,0.3070175438596491,Random
215,0.9870550161812298,0.6875,0.3980582524271844,0.3474842767295597,0.2030075187969924,Random
215,0.9480874316939892,0.7894736842105263,0.4399421128798842,0.4445859872611465,0.2105263157894736,Random
215,0.9645390070921984,0.6549586776859504,0.3338842975206612,0.4406294706723891,0.3333333333333333,Random
215,0.9763513513513512,0.7370517928286853,0.4674457429048414,0.5815295815295816,0.2769423558897243,Random
215,0.9562841530054644,0.5720164609053497,0.4793103448275862,0.3870014771048744,0.2694235588972431,Random
215,0.9778393351800554,0.6220806794055201,0.5035087719298246,0.3810930576070901,0.3408521303258145,Random
215,0.9836601307189542,0.6281833616298812,0.2886297376093295,0.111587982832618,0.2418546365914786,Random
215,0.9808917197452228,0.6065891472868217,0.2533081285444234,0.2311320754716981,0.200501253132832,Random
215,0.9906976744186048,0.5542168674698795,0.4695945945945945,0.2989985693848355,0.4348370927318296,Random
215,0.9685863874345548,0.548,0.5387205387205387,0.2141823444283647,0.3107769423558897,Random
215,0.9807162534435262,0.6153846153846154,0.2902097902097902,0.3234859675036927,0.3358395989974937,Random
215,0.971830985915493,0.6243291592128801,0.3313253012048193,0.3681528662420382,0.200501253132832,Random
215,0.9966216216216216,0.5488372093023256,0.4171322160148976,0.3632075471698113,0.200501253132832,Random
215,0.9840764331210192,0.5643224699828473,0.2432885906040268,0.1512125534950071,0.3897243107769423,Random
215,0.9907834101382488,0.6433408577878104,0.7355679702048417,0.2646638054363376,0.4786967418546365,Random
215,0.95985401459854,0.542016806722689,0.2982456140350877,0.2186115214180206,0.2781954887218045,Random
215,0.9450261780104712,0.4003984063745019,0.4036243822075782,0.3509272467902996,0.3822055137844611,Random
215,0.9901960784313726,0.5790554414784395,0.2676767676767677,0.2417739628040057,0.4974937343358396,Random
215,0.9906976744186048,0.5604651162790698,0.2290502793296089,0.3867924528301887,0.1992481203007518,Random
215,0.981651376146789,0.4919908466819222,0.2671118530884808,0.3693181818181818,0.3258145363408521,Random
215,0.9611650485436892,0.7464212678936605,0.6442953020134228,0.2767475035663338,0.4010025062656641,Random
215,0.9695945945945946,0.4147843942505133,0.1739864864864864,0.4191702432045779,0.1892230576441102,Random
215,0.9562841530054644,0.63668430335097,0.4879518072289157,0.1639586410635155,0.2832080200501253,Random
215,0.99581589958159,0.7165354330708661,0.6627906976744186,0.4407988587731811,0.238095238095238,Random
100,0.9716494845360824,0.824,0.5238879736408567,0.4048295454545454,0.244360902255639,iCaRL
100,0.983108108108108,0.5807086614173228,0.1777408637873754,0.1683309557774607,0.1616541353383458,iCaRL
100,0.99375,0.6161790017211703,0.3468013468013468,0.4370477568740955,0.2330827067669172,iCaRL
100,1.0,0.696078431372549,0.4139886578449905,0.3380503144654088,0.2794486215538847,iCaRL
100,0.9805825242718448,0.7603686635944701,0.3615819209039548,0.2971698113207547,0.3320802005012531,iCaRL
100,0.9888475836431226,0.5050301810865191,0.4259259259259259,0.3118741058655221,0.2644110275689223,iCaRL
100,0.9902912621359224,0.7211538461538461,0.3689320388349514,0.3364779874213836,0.2468671679197994,iCaRL
100,0.9699453551912568,0.6087719298245614,0.4949348769898697,0.2547770700636942,0.2418546365914786,iCaRL
100,0.9680851063829788,0.5640495867768595,0.3933884297520661,0.3719599427753934,0.3182957393483709,iCaRL
100,0.9797297297297296,0.3685258964143426,0.4290484140233723,0.3001443001443001,0.3107769423558897,iCaRL
100,0.9562841530054644,0.3374485596707819,0.3413793103448276,0.2688330871491876,0.2794486215538847,iCaRL
100,0.9667590027700832,0.5753715498938429,0.3649122807017544,0.1890694239290989,0.1992481203007518,iCaRL
100,0.9934640522875816,0.5127334465195246,0.3002915451895043,0.1802575107296137,0.2794486215538847,iCaRL
100,0.9808917197452228,0.3604651162790697,0.4385633270321361,0.1996855345911949,0.2017543859649122,iCaRL
100,0.9906976744186048,0.7590361445783133,0.3716216216216216,0.3032904148783977,0.2669172932330827,iCaRL
100,0.9712041884816754,0.708,0.4646464646464646,0.1577424023154848,0.1791979949874686,iCaRL
100,0.9724517906336088,0.6171735241502684,0.2832167832167832,0.2525849335302806,0.2756892230576441,iCaRL
100,0.971830985915493,0.5438282647584973,0.1671686746987951,0.2305732484076433,0.3007518796992481,iCaRL
100,0.9932432432432432,0.3,0.4208566108007449,0.3349056603773584,0.2030075187969924,iCaRL
100,0.9840764331210192,0.6054888507718696,0.2550335570469799,0.3223965763195435,0.2719298245614035,iCaRL
100,0.9907834101382488,0.7133182844243793,0.5363128491620112,0.3733905579399141,0.3884711779448621,iCaRL
100,0.95985401459854,0.5672268907563025,0.4578947368421052,0.3146233382570162,0.2406015037593984,iCaRL
100,0.9659685863874344,0.5717131474103586,0.2158154859967051,0.3637660485021398,0.2581453634085213,iCaRL
100,1.0,0.5708418891170431,0.5488215488215489,0.3490701001430615,0.2293233082706766,iCaRL
100,0.9906976744186048,0.8093023255813954,0.3743016759776536,0.3726415094339622,0.1992481203007518,iCaRL
100,0.9847094801223242,0.7299771167048055,0.3255425709515859,0.4332386363636363,0.2543859649122807,iCaRL
100,0.9660194174757282,0.7627811860940695,0.2567114093959731,0.3195435092724679,0.3508771929824561,iCaRL
100,0.9864864864864864,0.6632443531827515,0.4746621621621621,0.167381974248927,0.3145363408521303,iCaRL
100,0.9590163934426228,0.6313932980599647,0.4608433734939759,0.1935007385524372,0.1954887218045112,iCaRL
100,0.99581589958159,0.7125984251968503,0.3870431893687707,0.2952924393723252,0.2531328320802005,iCaRL
303,0.9716494845360824,0.35,0.3822075782537067,0.2897727272727273,0.3533834586466165,iCaRL
303,0.9864864864864864,0.6929133858267716,0.3754152823920266,0.2810271041369472,0.3208020050125313,iCaRL
303,0.99375,0.5645438898450946,0.1296296296296296,0.4182344428364689,0.1967418546365914,iCaRL
303,0.9901960784313726,0.5980392156862745,0.4215500945179584,0.2657232704402515,0.2368421052631578,iCaRL
303,0.9757281553398058,0.7373271889400922,0.3615819209039548,0.2044025157232704,0.3270676691729323,iCaRL
303,0.9814126394052044,0.7686116700201208,0.1784511784511784,0.1530758226037196,0.2669172932330827,iCaRL
303,0.9902912621359224,0.5697115384615384,0.345631067961165,0.1965408805031446,0.1992481203007518,iCaRL
303,0.96448087431694,0.6228070175438597,0.4703328509406657,0.264968152866242,0.1491228070175438,iCaRL
303,0.9680851063829788,0.7272727272727273,0.4033057851239669,0.3662374821173104,0.3182957393483709,iCaRL
303,0.9763513513513512,0.5976095617529881,0.4106844741235392,0.3174603174603174,0.3245614035087719,iCaRL
303,0.9590163934426228,0.5432098765432098,0.4793103448275862,0.3220088626292466,0.2368421052631578,iCaRL
303,0.9722991689750692,0.5286624203821656,0.5842105263157895,0.4209748892171344,0.3045112781954887,iCaRL
303,0.9934640522875816,0.5857385398981324,0.249271137026239,0.1816881258941344,0.2468671679197994,iCaRL
303,0.9808917197452228,0.7674418604651163,0.4952741020793951,0.180817610062893,0.2844611528822055,iCaRL
303,0.9906976744186048,0.7690763052208835,0.3716216216216216,0.3891273247496423,0.2781954887218045,iCaRL
303,0.9659685863874344,0.664,0.6380471380471381,0.3125904486251809,0.2631578947368421,iCaRL
303,0.9669421487603306,0.5617173524150268,0.2132867132867132,0.3426883308714918,0.3446115288220551,iCaRL
303,0.971830985915493,0.5992844364937389,0.3478915662650602,0.2955414012738853,0.2543859649122807,iCaRL
303,0.9966216216216216,0.7372093023255814,0.3817504655493482,0.3097484276729559,0.1979949874686716,iCaRL
303,0.9808917197452228,0.3945111492281303,0.1526845637583892,0.2225392296718973,0.2581453634085213,iCaRL
303,0.9861751152073732,0.690744920993228,0.4003724394785847,0.3633762517882689,0.2230576441102756,iCaRL
303,0.9671532846715328,0.4642857142857143,0.5771929824561404,0.4268833087149187,0.3621553884711779,iCaRL
303,0.9712041884816754,0.703187250996016,0.5321252059308073,0.2410841654778887,0.3220551378446115,iCaRL
303,0.9950980392156864,0.5975359342915811,0.4478114478114478,0.2875536480686695,0.2869674185463659,iCaRL
303,0.9906976744186048,0.7674418604651163,0.2160148975791433,0.1666666666666666,0.200501253132832,iCaRL
303,0.9755351681957186,0.7139588100686499,0.4390651085141903,0.3053977272727273,0.2543859649122807,iCaRL
303,0.970873786407767,0.7525562372188139,0.4177852348993288,0.3295292439372325,0.2919799498746867,iCaRL
303,0.9763513513513512,0.8624229979466119,0.3935810810810811,0.5207439198855508,0.3646616541353383,iCaRL
303,0.9590163934426228,0.6701940035273368,0.4292168674698795,0.2540620384047267,0.2731829573934837,iCaRL
303,0.99581589958159,0.734251968503937,0.3571428571428571,0.3052781740370898,0.2819548872180451,iCaRL
921,0.963917525773196,0.578,0.4299835255354201,0.2698863636363636,0.2468671679197994,iCaRL
921,0.9864864864864864,0.7519685039370079,0.4036544850498338,0.3580599144079885,0.131578947368421,iCaRL
921,0.996875,0.7831325301204819,0.1818181818181818,0.2894356005788712,0.2418546365914786,iCaRL
921,0.9950980392156864,0.7745098039215687,0.3610586011342155,0.2515723270440251,0.2218045112781954,iCaRL
921,0.9805825242718448,0.7327188940092166,0.4124293785310734,0.3773584905660377,0.3308270676691729,iCaRL
921,0.9814126394052044,0.7746478873239436,0.4326599326599326,0.3505007153075822,0.3182957393483709,iCaRL
921,0.9902912621359224,0.5288461538461539,0.4097087378640777,0.3427672955974842,0.1917293233082706,iCaRL
921,0.9617486338797814,0.5666666666666667,0.4428364688856729,0.3668789808917197,0.1340852130325814,iCaRL
921,0.9645390070921984,0.7128099173553719,0.4066115702479339,0.3304721030042918,0.3070175438596491,iCaRL
921,0.9695945945945946,0.6892430278884463,0.4273789649415693,0.2958152958152958,0.3082706766917293,iCaRL
921,0.9590163934426228,0.565843621399177,0.3706896551724138,0.3559822747415066,0.2155388471177944,iCaRL
921,0.9722991689750692,0.3630573248407643,0.3298245614035088,0.431314623338257,0.3546365914786967,iCaRL
921,0.9934640522875816,0.7487266553480475,0.3061224489795918,0.2918454935622318,0.2506265664160401,iCaRL
921,0.9777070063694268,0.4224806201550387,0.1493383742911153,0.3757861635220126,0.2230576441102756,iCaRL
921,0.9953488372093025,0.751004016064257,0.3006756756756756,0.3447782546494993,0.2756892230576441,iCaRL
921,0.9738219895287958,0.558,0.3905723905723905,0.3140376266280753,0.2581453634085213,iCaRL
921,0.9834710743801652,0.293381037567084,0.2797202797202797,0.3766617429837518,0.3157894736842105,iCaRL
921,0.971830985915493,0.6243291592128801,0.3885542168674699,0.2853503184713375,0.1604010025062656,iCaRL
921,0.972972972972973,0.5488372093023256,0.2700186219739292,0.3128930817610063,0.2017543859649122,iCaRL
921,0.9904458598726116,0.6638078902229846,0.1761744966442953,0.1654778887303851,0.3170426065162907,iCaRL
921,0.9861751152073732,0.8848758465011287,0.4432029795158286,0.2260371959942775,0.3145363408521303,iCaRL
921,0.9671532846715328,0.3760504201680672,0.543859649122807,0.3323485967503692,0.2769423558897243,iCaRL
921,0.9685863874345548,0.4442231075697211,0.4217462932454695,0.463623395149786,0.3208020050125313,iCaRL
921,0.9950980392156864,0.9301848049281314,0.3585858585858585,0.2703862660944206,0.3646616541353383,iCaRL
921,0.9906976744186048,0.6186046511627907,0.37243947858473,0.2877358490566037,0.3020050125313283,iCaRL
921,0.9724770642201837,0.4576659038901602,0.2704507512520868,0.3082386363636363,0.2644110275689223,iCaRL
921,0.9660194174757282,0.7525562372188139,0.2046979865771812,0.2653352353780314,0.2431077694235588,iCaRL
921,0.9797297297297296,0.6016427104722792,0.3868243243243243,0.2432045779685264,0.2330827067669172,iCaRL
921,0.9590163934426228,0.6225749559082893,0.3870481927710843,0.1654357459379616,0.4072681704260651,iCaRL
921,0.99581589958159,0.8031496062992126,0.3289036544850498,0.2796005706134094,0.3533834586466165,iCaRL
2795,0.9664948453608248,0.54,0.4349258649093904,0.2869318181818182,0.238095238095238,iCaRL
2795,0.9797297297297296,0.7559055118110236,0.4485049833887043,0.303851640513552,0.3220551378446115,iCaRL
2795,0.99375,0.576592082616179,0.2104377104377104,0.3979739507959479,0.2894736842105263,iCaRL
2795,0.9852941176470588,0.8872549019607843,0.2514177693761815,0.3396226415094339,0.1954887218045112,iCaRL
2795,0.9660194174757282,0.5184331797235023,0.3559322033898305,0.1965408805031446,0.1992481203007518,iCaRL
2795,0.9888475836431226,0.5352112676056338,0.4326599326599326,0.3547925608011445,0.3182957393483709,iCaRL
2795,0.9902912621359224,0.4903846153846153,0.3825242718446602,0.3223270440251572,0.2456140350877192,iCaRL
2795,0.96448087431694,0.519298245614035,0.4891461649782923,0.243312101910828,0.1365914786967418,iCaRL
2795,0.9645390070921984,0.7541322314049587,0.3917355371900826,0.5107296137339056,0.3295739348370927,iCaRL
2795,0.9763513513513512,0.5239043824701195,0.4290484140233723,0.2294372294372294,0.2431077694235588,iCaRL
2795,0.9590163934426228,0.3539094650205761,0.4379310344827586,0.379615952732644,0.3458646616541353,iCaRL
2795,0.969529085872576,0.5435244161358811,0.3157894736842105,0.3190546528803545,0.219298245614035,iCaRL
2795,0.9836601307189542,0.8879456706281834,0.3673469387755102,0.2317596566523605,0.1917293233082706,iCaRL
2795,0.9777070063694268,0.5852713178294574,0.332703213610586,0.3034591194968553,0.2030075187969924,iCaRL
2795,1.0,0.5943775100401606,0.3209459459459459,0.284692417739628,0.2368421052631578,iCaRL
2795,0.9685863874345548,0.44,0.3518518518518518,0.3719247467438495,0.1829573934837092,iCaRL
2795,0.977961432506887,0.6243291592128801,0.2097902097902098,0.1920236336779911,0.2832080200501253,iCaRL
2795,0.9746478873239436,0.6207513416815742,0.3689759036144578,0.2993630573248407,0.2030075187969924,iCaRL
2795,0.9966216216216216,0.5441860465116279,0.5791433891992551,0.3349056603773584,0.2180451127819548,iCaRL
2795,0.9904458598726116,0.7993138936535163,0.0654362416107382,0.1569186875891583,0.2368421052631578,iCaRL
2795,0.9861751152073732,0.618510158013544,0.3929236499068901,0.2589413447782546,0.2781954887218045,iCaRL
2795,0.9708029197080292,0.5798319327731093,0.2789473684210526,0.3367799113737075,0.244360902255639,iCaRL
2795,0.9633507853403142,0.599601593625498,0.3476112026359143,0.3052781740370898,0.238095238095238,iCaRL
2795,0.9950980392156864,0.7618069815195072,0.4983164983164983,0.3004291845493562,0.2543859649122807,iCaRL
2795,0.9953488372093025,0.9186046511627908,0.4264432029795158,0.4292452830188679,0.2042606516290726,iCaRL
2795,0.9847094801223242,0.8032036613272311,0.4106844741235392,0.1519886363636363,0.2481203007518796,iCaRL
2795,0.970873786407767,0.7198364008179959,0.4681208053691275,0.1654778887303851,0.2518796992481203,iCaRL
2795,0.983108108108108,0.5441478439425051,0.2922297297297297,0.1902718168812589,0.2681704260651629,iCaRL
2795,0.9562841530054644,0.6225749559082893,0.3870481927710843,0.2644017725258493,0.3283208020050125,iCaRL
2795,0.99163179916318,0.9507874015748032,0.3571428571428571,0.303851640513552,0.3609022556390977,iCaRL
215,0.9690721649484536,0.48,0.4546952224052718,0.296875,0.3032581453634085,iCaRL
215,0.9864864864864864,0.7086614173228346,0.4269102990033223,0.3380884450784593,0.3984962406015037,iCaRL
215,0.996875,0.4509466437177281,0.1397306397306397,0.2648335745296671,0.1729323308270676,iCaRL
215,1.0,0.6862745098039216,0.4782608695652174,0.2531446540880503,0.2431077694235588,iCaRL
215,0.970873786407767,0.5967741935483871,0.3370998116760829,0.3128930817610063,0.3283208020050125,iCaRL
215,0.9814126394052044,0.7665995975855131,0.3181818181818182,0.3719599427753934,0.2944862155388471,iCaRL
215,0.9902912621359224,0.5048076923076923,0.4543689320388349,0.3553459119496855,0.1992481203007518,iCaRL
215,0.9617486338797814,0.6140350877192983,0.1968162083936324,0.2445859872611465,0.1992481203007518,iCaRL
215,0.9645390070921984,0.7045454545454546,0.5173553719008265,0.2503576537911302,0.3082706766917293,iCaRL
215,0.9797297297297296,0.6752988047808764,0.5158597662771286,0.2784992784992785,0.2456140350877192,iCaRL
215,0.9562841530054644,0.6193415637860082,0.1844827586206896,0.1624815361890694,0.1641604010025062,iCaRL
215,0.969529085872576,0.5859872611464968,0.5368421052631579,0.4372230428360413,0.2894736842105263,iCaRL
215,0.9738562091503268,0.4736842105263157,0.2507288629737609,0.1645207439198855,0.2330827067669172,iCaRL
215,0.9808917197452228,0.4554263565891472,0.3459357277882797,0.4591194968553459,0.2055137844611528,iCaRL
215,0.9953488372093025,0.5742971887550201,0.2043918918918918,0.2947067238912732,0.2368421052631578,iCaRL
215,0.9607329842931938,0.72,0.5673400673400674,0.4602026049204052,0.2556390977443609,iCaRL
215,0.9724517906336088,0.6207513416815742,0.2832167832167832,0.3825701624815362,0.3395989974937343,iCaRL
215,0.9746478873239436,0.592128801431127,0.1551204819277108,0.2611464968152866,0.1604010025062656,iCaRL
215,0.972972972972973,0.7418604651162791,0.4022346368715084,0.3915094339622642,0.1917293233082706,iCaRL
215,0.9808917197452228,0.6106346483704974,0.2634228187919463,0.202567760342368,0.2694235588972431,iCaRL
215,0.9953917050691244,0.708803611738149,0.6201117318435754,0.223175965665236,0.2330827067669172,iCaRL
215,0.9671532846715328,0.4264705882352941,0.4561403508771929,0.3028064992614475,0.2844611528822055,iCaRL
215,0.9659685863874344,0.6832669322709163,0.385502471169687,0.4593437945791726,0.2431077694235588,iCaRL
215,1.0,0.7371663244353183,0.3636363636363636,0.1587982832618025,0.2355889724310776,iCaRL
215,0.9953488372093025,0.7232558139534884,0.3854748603351955,0.3364779874213836,0.1979949874686716,iCaRL
215,0.9785932721712538,0.4874141876430206,0.2637729549248748,0.3011363636363636,0.2706766917293233,iCaRL
215,0.9757281553398058,0.7627811860940695,0.4379194630872483,0.3594864479315264,0.3609022556390977,iCaRL
215,0.9864864864864864,0.7885010266940452,0.3885135135135135,0.1645207439198855,0.2982456140350877,iCaRL
215,0.9590163934426228,0.6172839506172839,0.3704819277108434,0.1757754800590842,0.3120300751879699,iCaRL
215,0.99581589958159,0.4133858267716535,0.4385382059800664,0.1569186875891583,0.2518796992481203,iCaRL
100,0.963917525773196,0.424,0.3393739703459638,0.3948863636363636,0.3245614035087719,LUCIR
100,0.9763513513513512,0.7795275590551181,0.5730897009966778,0.4750356633380884,0.2969924812030075,LUCIR
100,0.978125,0.5972461273666093,0.4259259259259259,0.4008683068017366,0.3283208020050125,LUCIR
100,0.9950980392156864,0.8676470588235294,0.555765595463138,0.4575471698113207,0.2305764411027568,LUCIR
100,0.9660194174757282,0.6751152073732719,0.2824858757062147,0.2861635220125786,0.200501253132832,LUCIR
100,0.9851301115241636,0.5754527162977867,0.4175084175084175,0.5121602288984263,0.5651629072681704,LUCIR
100,0.9902912621359224,0.903846153846154,0.6563106796116505,0.2515723270440251,0.1967418546365914,LUCIR
100,0.96448087431694,0.8245614035087719,0.4746743849493487,0.4904458598726114,0.424812030075188,LUCIR
100,0.975177304964539,0.7272727272727273,0.5272727272727272,0.6194563662374821,0.5225563909774437,LUCIR
100,0.9695945945945946,0.6394422310756972,0.5058430717863105,0.3593073593073593,0.2556390977443609,LUCIR
100,0.9617486338797814,0.5390946502057613,0.5172413793103449,0.2732644017725258,0.2619047619047619,LUCIR
100,0.9722991689750692,0.5392781316348195,0.5263157894736842,0.4534711964549483,0.1791979949874686,LUCIR
100,0.9967320261437908,0.6264855687606112,0.3309037900874635,0.1659513590844063,0.1967418546365914,LUCIR
100,0.9808917197452228,0.374031007751938,0.3761814744801512,0.3820754716981132,0.2055137844611528,LUCIR
100,0.9953488372093025,0.5682730923694779,0.6773648648648649,0.5836909871244635,0.4724310776942356,LUCIR
100,0.9738219895287958,0.544,0.5,0.4413892908827785,0.206766917293233,LUCIR
100,0.9807162534435262,0.7638640429338104,0.2867132867132867,0.3367799113737075,0.3496240601503759,LUCIR
100,0.971830985915493,0.4901610017889087,0.3659638554216867,0.354140127388535,0.1929824561403508,LUCIR
100,1.0,0.5837209302325581,0.3351955307262569,0.1761006289308176,0.200501253132832,LUCIR
100,0.9777070063694268,0.7358490566037735,0.5167785234899329,0.4194008559201141,0.3208020050125313,LUCIR
100,0.9861751152073732,0.6681715575620768,0.5046554934823091,0.2317596566523605,0.3107769423558897,LUCIR
100,0.9708029197080292,0.7184873949579832,0.3350877192982456,0.3722304283604136,0.3546365914786967,LUCIR
100,0.9685863874345548,0.5956175298804781,0.3986820428336079,0.3380884450784593,0.2456140350877192,LUCIR
100,0.9950980392156864,0.5811088295687885,0.1885521885521885,0.2732474964234621,0.4987468671679197,LUCIR
100,0.9906976744186048,0.7441860465116279,0.2253258845437616,0.3490566037735849,0.2017543859649122,LUCIR
100,0.9847094801223242,0.7368421052631579,0.2988313856427379,0.34375,0.4674185463659148,LUCIR
100,0.9757281553398058,0.5623721881390593,0.2885906040268456,0.3894436519258202,0.3145363408521303,LUCIR
100,0.9797297297297296,0.7145790554414785,0.5135135135135135,0.3018597997138769,0.4097744360902255,LUCIR
100,0.9590163934426228,0.6278659611992945,0.5120481927710844,0.3751846381093057,0.3446115288220551,LUCIR
100,0.99581589958159,0.7224409448818898,0.4651162790697674,0.3366619115549215,0.2844611528822055,LUCIR
303,0.9690721649484536,0.474,0.3031301482701812,0.3139204545454545,0.4674185463659148,LUCIR
303,0.9763513513513512,0.6141732283464567,0.5066445182724253,0.6504992867332382,0.3471177944862155,LUCIR
303,0.996875,0.7056798623063684,0.4915824915824915,0.4052098408104196,0.2982456140350877,LUCIR
303,1.0,0.5392156862745098,0.5595463137996219,0.3490566037735849,0.2092731829573934,LUCIR
303,0.9757281553398058,0.7396313364055299,0.327683615819209,0.1729559748427672,0.2055137844611528,LUCIR
303,0.9888475836431226,0.5734406438631791,0.2878787878787879,0.2975679542203147,0.238095238095238,LUCIR
303,0.9870550161812298,0.5841346153846154,0.2427184466019417,0.2971698113207547,0.3045112781954887,LUCIR
303,0.9754098360655736,0.6210526315789474,0.4544138929088278,0.5235668789808917,0.3270676691729323,LUCIR
303,0.9716312056737588,0.8347107438016529,0.3867768595041322,0.542203147353362,0.4298245614035088,LUCIR
303,0.9763513513513512,0.5,0.4240400667779633,0.4386724386724386,0.2531328320802005,LUCIR
303,0.9562841530054644,0.565843621399177,0.5913793103448276,0.3412112259970458,0.3496240601503759,LUCIR
303,0.9750692520775625,0.5520169851380042,0.4385964912280701,0.4416543574593796,0.3533834586466165,LUCIR
303,0.9901960784313726,0.4567062818336163,0.3644314868804664,0.2002861230329041,0.2957393483709273,LUCIR
303,0.9808917197452228,0.7848837209302325,0.3742911153119093,0.3411949685534591,0.2167919799498746,LUCIR
303,0.9953488372093025,0.7610441767068273,0.4864864864864865,0.5135908440629471,0.3909774436090225,LUCIR
303,0.9685863874345548,0.528,0.3686868686868687,0.5007235890014472,0.3107769423558897,LUCIR
303,0.977961432506887,0.8783542039355993,0.4055944055944055,0.3737075332348596,0.3521303258145363,LUCIR
303,0.971830985915493,0.4919499105545617,0.3704819277108434,0.4280254777070064,0.4473684210526316,LUCIR
303,0.9966216216216216,0.5674418604651162,0.4171322160148976,0.3081761006289308,0.1979949874686716,LUCIR
303,0.9872611464968152,0.5094339622641509,0.3389261744966443,0.4365192582025677,0.3045112781954887,LUCIR
303,0.9861751152073732,0.6862302483069977,0.7262569832402235,0.3505007153075822,0.4035087719298245,LUCIR
303,0.9708029197080292,0.5609243697478992,0.4859649122807017,0.4608567208271787,0.3583959899749373,LUCIR
303,0.9685863874345548,0.601593625498008,0.5617792421746294,0.4479315263908702,0.3145363408521303,LUCIR
303,1.0,0.6180698151950719,0.3417508417508417,0.6666666666666666,0.5413533834586466,LUCIR
303,0.9953488372093025,0.7511627906976744,0.5046554934823091,0.2641509433962264,0.1954887218045112,LUCIR
303,0.9847094801223242,0.8146453089244852,0.3873121869782971,0.3352272727272727,0.5401002506265664,LUCIR
303,0.9854368932038836,0.6421267893660532,0.4798657718120805,0.4265335235378031,0.4072681704260651,LUCIR
303,0.9695945945945946,0.7330595482546202,0.5912162162162162,0.4105865522174535,0.4812030075187969,LUCIR
303,0.9590163934426228,0.6278659611992945,0.4503012048192771,0.3766617429837518,0.2794486215538847,LUCIR
303,0.99581589958159,0.844488188976378,0.5348837209302325,0.303851640513552,0.2593984962406015,LUCIR
921,0.9716494845360824,0.532,0.4827018121911038,0.4346590909090909,0.4147869674185463,LUCIR
921,0.9763513513513512,0.5984251968503937,0.5897009966777409,0.3323823109843081,0.3157894736842105,LUCIR
921,0.996875,0.7366609294320138,0.335016835016835,0.4587554269175108,0.3020050125313283,LUCIR
921,0.9950980392156864,0.7769607843137255,0.5897920604914934,0.4685534591194968,0.1967418546365914,LUCIR
921,0.970873786407767,0.8294930875576036,0.608286252354049,0.3946540880503145,0.2030075187969924,LUCIR
921,0.9814126394052044,0.738430583501006,0.5067340067340067,0.3791130185979971,0.1917293233082706,LUCIR
921,0.9870550161812298,0.7139423076923077,0.403883495145631,0.2437106918238993,0.3433583959899749,LUCIR
921,0.9699453551912568,0.6456140350877193,0.4804630969609262,0.4140127388535032,0.2280701754385964,LUCIR
921,0.9680851063829788,0.743801652892562,0.4644628099173554,0.4821173104434907,0.4310776942355889,LUCIR
921,0.983108108108108,0.749003984063745,0.5475792988313857,0.5036075036075036,0.2919799498746867,LUCIR
921,0.9617486338797814,0.6296296296296297,0.4620689655172413,0.4032496307237814,0.3659147869674185,LUCIR
921,0.9722991689750692,0.6539278131634819,0.4789473684210526,0.3485967503692762,0.3132832080200501,LUCIR
921,0.9967320261437908,0.7487266553480475,0.5714285714285714,0.2031473533619456,0.2706766917293233,LUCIR
921,0.9872611464968152,0.6569767441860465,0.2551984877126654,0.240566037735849,0.200501253132832,LUCIR
921,0.9906976744186048,0.751004016064257,0.7263513513513513,0.3776824034334764,0.4060150375939849,LUCIR
921,0.9607329842931938,0.706,0.5875420875420876,0.5209840810419681,0.3082706766917293,LUCIR
921,0.977961432506887,0.6225402504472272,0.2395104895104895,0.3397341211225997,0.4736842105263157,LUCIR
921,0.9746478873239436,0.7459749552772809,0.4548192771084337,0.4140127388535032,0.2957393483709273,LUCIR
921,0.9932432432432432,0.7465116279069768,0.4245810055865922,0.330188679245283,0.2092731829573934,LUCIR
921,0.9808917197452228,0.6054888507718696,0.424496644295302,0.310984308131241,0.4962406015037593,LUCIR
921,0.9907834101382488,0.5372460496613995,0.4376163873370577,0.2389127324749642,0.3646616541353383,LUCIR
921,0.9635036496350364,0.6407563025210085,0.3157894736842105,0.3722304283604136,0.3583959899749373,LUCIR
921,0.9712041884816754,0.7211155378486056,0.4563426688632619,0.4322396576319544,0.3922305764411027,LUCIR
921,0.9901960784313726,0.7638603696098563,0.4276094276094276,0.5164520743919886,0.5426065162907269,LUCIR
921,0.9906976744186048,0.772093023255814,0.6741154562383612,0.3584905660377358,0.2656641604010025,LUCIR
921,0.9908256880733946,0.7757437070938215,0.2704507512520868,0.25,0.3533834586466165,LUCIR
921,0.9757281553398058,0.6523517382413088,0.285234899328859,0.2510699001426533,0.3859649122807017,LUCIR
921,0.9797297297297296,0.5318275154004107,0.4425675675675675,0.4463519313304721,0.4360902255639097,LUCIR
921,0.9617486338797814,0.6525573192239859,0.447289156626506,0.2466765140324963,0.3132832080200501,LUCIR
921,0.99163179916318,0.952755905511811,0.6445182724252492,0.5905848787446505,0.3258145363408521,LUCIR
2795,0.9742268041237112,0.776,0.6441515650741351,0.5440340909090909,0.3934837092731829,LUCIR
2795,0.9763513513513512,0.4783464566929133,0.5182724252491694,0.2496433666191155,0.3007518796992481,LUCIR
2795,1.0,0.5456110154905336,0.398989898989899,0.4819102749638205,0.4260651629072681,LUCIR
2795,0.9950980392156864,0.5980392156862745,0.444234404536862,0.4622641509433962,0.3082706766917293,LUCIR
2795,0.9757281553398058,0.5368663594470046,0.2015065913370998,0.1776729559748427,0.3170426065162907,LUCIR
2795,0.9814126394052044,0.7022132796780685,0.3468013468013468,0.3247496423462088,0.5375939849624061,LUCIR
2795,0.9870550161812298,0.7403846153846154,0.5902912621359223,0.3522012578616352,0.3446115288220551,LUCIR
2795,0.9617486338797814,0.7403508771929824,0.4645441389290883,0.4904458598726114,0.3070175438596491,LUCIR
2795,0.9645390070921984,0.9214876033057852,0.5057851239669422,0.3662374821173104,0.3984962406015037,LUCIR
2795,0.9797297297297296,0.900398406374502,0.5475792988313857,0.4343434343434343,0.2781954887218045,LUCIR
2795,0.9590163934426228,0.6954732510288066,0.4034482758620689,0.3810930576070901,0.4110275689223057,LUCIR
2795,0.969529085872576,0.6475583864118896,0.4736842105263157,0.4667651403249631,0.4887218045112781,LUCIR
2795,0.9967320261437908,0.6247877758913413,0.4037900874635568,0.3190271816881259,0.3684210526315789,LUCIR
2795,0.9777070063694268,0.7228682170542635,0.3686200378071834,0.2216981132075471,0.4298245614035088,LUCIR
2795,0.9953488372093025,0.7429718875502008,0.4206081081081081,0.3204577968526466,0.2756892230576441,LUCIR
2795,0.9685863874345548,0.658,0.5067340067340067,0.4254703328509406,0.4812030075187969,LUCIR
2795,0.9834710743801652,0.8246869409660107,0.4248251748251748,0.3397341211225997,0.4223057644110276,LUCIR
2795,0.9774647887323944,0.6368515205724508,0.447289156626506,0.286624203821656,0.4072681704260651,LUCIR
2795,0.9966216216216216,0.5720930232558139,0.6145251396648045,0.4937106918238994,0.3057644110275689,LUCIR
2795,0.9808917197452228,0.758147512864494,0.384228187919463,0.4136947218259629,0.4611528822055137,LUCIR
2795,0.9861751152073732,0.5056433408577878,0.633147113594041,0.3733905579399141,0.3596491228070175,LUCIR
2795,0.9708029197080292,0.5462184873949579,0.5052631578947369,0.4460856720827179,0.2781954887218045,LUCIR
2795,0.9685863874345548,0.7569721115537849,0.586490939044481,0.3922967189728958,0.3195488721804511,LUCIR
2795,0.9901960784313726,0.7186858316221766,0.367003367003367,0.3075822603719599,0.4398496240601504,LUCIR
2795,0.9906976744186048,0.8116279069767441,0.7169459962756052,0.3632075471698113,0.206766917293233,LUCIR
2795,0.9847094801223242,0.7093821510297483,0.5208681135225376,0.3551136363636363,0.3997493734335839,LUCIR
2795,0.9805825242718448,0.787321063394683,0.6526845637583892,0.2838801711840228,0.3157894736842105,LUCIR
2795,0.9763513513513512,0.6303901437371663,0.5793918918918919,0.3819742489270386,0.3383458646616541,LUCIR
2795,0.9617486338797814,0.689594356261023,0.4412650602409638,0.3500738552437223,0.4511278195488721,LUCIR
2795,1.0,0.7007874015748031,0.4617940199335548,0.3666191155492154,0.3583959899749373,LUCIR
215,0.9716494845360824,0.314,0.2981878088962109,0.1434659090909091,0.1666666666666666,LUCIR
215,0.983108108108108,0.7519685039370079,0.6129568106312292,0.4065620542082739,0.2431077694235588,LUCIR
215,0.996875,0.6506024096385542,0.367003367003367,0.3777134587554269,0.2418546365914786,LUCIR
215,1.0,0.7377450980392157,0.5387523629489603,0.5125786163522013,0.200501253132832,LUCIR
215,0.9660194174757282,0.543778801843318,0.2165725047080979,0.2437106918238993,0.1992481203007518,LUCIR
215,0.9851301115241636,0.4406438631790744,0.3468013468013468,0.4778254649499284,0.3947368421052631,LUCIR
215,0.9870550161812298,0.3269230769230769,0.6116504854368932,0.210691823899371,0.2055137844611528,LUCIR
215,0.9672131147540984,0.4859649122807017,0.426917510853835,0.4815286624203821,0.3358395989974937,LUCIR
215,0.9680851063829788,0.5723140495867769,0.4727272727272727,0.5064377682403434,0.4423558897243108,LUCIR
215,0.9763513513513512,0.6175298804780877,0.4707846410684474,0.5786435786435786,0.4849624060150376,LUCIR
215,0.9590163934426228,0.5082304526748971,0.4775862068965517,0.327917282127031,0.2969924812030075,LUCIR
215,0.9750692520775625,0.5414012738853503,0.4228070175438596,0.3042836041358936,0.3107769423558897,LUCIR
215,0.9934640522875816,0.5500848896434635,0.4723032069970845,0.1216022889842632,0.2243107769423558,LUCIR
215,0.9840764331210192,0.7344961240310077,0.0340264650283553,0.3411949685534591,0.2230576441102756,LUCIR
215,0.9953488372093025,0.5883534136546185,0.4983108108108108,0.3848354792560801,0.4260651629072681,LUCIR
215,0.9659685863874344,0.542,0.5252525252525253,0.2821997105643994,0.2694235588972431,LUCIR
215,0.9834710743801652,0.627906976744186,0.4493006993006993,0.3825701624815362,0.4761904761904761,LUCIR
215,0.971830985915493,0.8050089445438283,0.3990963855421687,0.4777070063694267,0.2268170426065162,LUCIR
215,0.972972972972973,0.5488372093023256,0.4506517690875233,0.4229559748427673,0.3070175438596491,LUCIR
215,0.9745222929936306,0.5334476843910806,0.2835570469798658,0.2382310984308131,0.3684210526315789,LUCIR
215,0.9861751152073732,0.5327313769751693,0.7132216014897579,0.2331902718168812,0.4185463659147869,LUCIR
215,0.9708029197080292,0.5588235294117647,0.3350877192982456,0.3485967503692762,0.3596491228070175,LUCIR
215,0.9607329842931938,0.6533864541832669,0.3311367380560132,0.4579172610556348,0.3120300751879699,LUCIR
215,0.9852941176470588,0.5605749486652978,0.2171717171717171,0.1974248927038626,0.5350877192982456,LUCIR
215,0.958139534883721,0.7488372093023256,0.3016759776536313,0.2893081761006289,0.2017543859649122,LUCIR
215,0.9847094801223242,0.5217391304347826,0.3105175292153589,0.5553977272727273,0.3533834586466165,LUCIR
215,0.9660194174757282,0.7177914110429447,0.4597315436241611,0.4079885877318117,0.4598997493734336,LUCIR
215,0.9864864864864864,0.7186858316221766,0.527027027027027,0.5522174535050072,0.3859649122807017,LUCIR
215,0.9590163934426228,0.6490299823633157,0.4126506024096386,0.2776957163958641,0.3395989974937343,LUCIR
215,0.99581589958159,0.718503937007874,0.3970099667774086,0.3395149786019971,0.3020050125313283,LUCIR
All Exemplars,0.9690721649484535,0.5328,0.47215815485996704,0.4565340909090909,0.2974937343358396,VAE_BBox
All Exemplars,0.9756756756756756,0.7007874015748032,0.3441860465116279,0.22282453637660482,0.2243107769423558,VAE_BBox
All Exemplars,0.996875,0.7951807228915663,0.5367003367003367,0.4677279305354558,0.28997493734335833,VAE_BBox
All Exemplars,0.9921568627450981,0.8872549019607844,0.43516068052930057,0.5176100628930818,0.3917293233082707,VAE_BBox
All Exemplars,0.9737864077669904,0.9585253456221198,0.6580037664783427,0.3849056603773585,0.40375939849624054,VAE_BBox
All Exemplars,0.9821561338289964,0.7903420523138832,0.7218855218855219,0.49670958512160224,0.2761904761904762,VAE_BBox
All Exemplars,0.9889967637540453,0.6639423076923078,0.49553398058252424,0.45880503144654095,0.4087719298245614,VAE_BBox
All Exemplars,0.9639344262295081,0.5484210526315789,0.34674384949348763,0.3732484076433121,0.21553884711779445,VAE_BBox
All Exemplars,0.9652482269503546,0.6210743801652893,0.40495867768595034,0.33361945636623747,0.2533834586466165,VAE_BBox
All Exemplars,0.9756756756756756,0.69601593625498,0.3923205342237062,0.36709956709956704,0.3408521303258145,VAE_BBox
All Exemplars,0.9584699453551911,0.6061728395061728,0.6006896551724138,0.47296898079763655,0.41052631578947363,VAE_BBox
All Exemplars,0.9745152354570636,0.70276008492569,0.4999999999999999,0.31875923190546523,0.3335839598997493,VAE_BBox
All Exemplars,0.981045751633987,0.8536502546689304,0.4702623906705539,0.3562231759656652,0.37744360902255636,VAE_BBox
All Exemplars,0.9821656050955413,0.9689922480620154,0.6064272211720227,0.5628930817610063,0.39373433583959894,VAE_BBox
All Exemplars,0.9925581395348839,0.7116465863453815,0.45912162162162157,0.30472103004291845,0.2736842105263157,VAE_BBox
All Exemplars,0.9670157068062826,0.7684,0.4777777777777777,0.3725036179450072,0.35062656641604006,VAE_BBox
All Exemplars,0.9730027548209368,0.7531305903398926,0.502097902097902,0.5385524372230429,0.4132832080200501,VAE_BBox
All Exemplars,0.9712676056338028,0.8250447227191413,0.6331325301204819,0.42242038216560507,0.26441102756892226,VAE_BBox
All Exemplars,0.9912162162162161,0.7004651162790697,0.5653631284916201,0.38459119496855343,0.37117794486215533,VAE_BBox
All Exemplars,0.9783439490445858,0.9674099485420241,0.7036912751677853,0.5198288159771755,0.4037593984962406,VAE_BBox
All Exemplars,0.9889400921658986,0.7720090293453724,0.5702048417132216,0.5802575107296137,0.3756892230576441,VAE_BBox
All Exemplars,0.9642335766423358,0.7668067226890756,0.5680701754385965,0.43899556868537665,0.43132832080200495,VAE_BBox
All Exemplars,0.9643979057591624,0.6936254980079681,0.4962108731466227,0.4136947218259629,0.35839598997493727,VAE_BBox
All Exemplars,0.9970588235294118,0.9232032854209447,0.6993265993265994,0.4371959942775393,0.2436090225563909,VAE_BBox
All Exemplars,0.9916279069767443,0.5767441860465117,0.5910614525139664,0.3767295597484276,0.34486215538847115,VAE_BBox
All Exemplars,0.9779816513761468,0.9405034324942794,0.8340567612687814,0.7048295454545455,0.34035087719298246,VAE_BBox
All Exemplars,0.9757281553398058,0.930879345603272,0.49161073825503354,0.32125534950071327,0.2709273182957393,VAE_BBox
All Exemplars,0.9736486486486486,0.6919917864476386,0.5202702702702703,0.3688125894134478,0.3696741854636591,VAE_BBox
All Exemplars,0.9601092896174863,0.6839506172839506,0.47228915662650606,0.34830132939438696,0.4318295739348371,VAE_BBox
All Exemplars,0.99163179916318,0.7200787401574803,0.4069767441860465,0.30584878744650495,0.2516290726817042,VAE_BBox
All Exemplars,0.9628865979381445,0.6612,0.46523887973640854,0.3375,0.2551378446115288,VAE_Filter
All Exemplars,0.977027027027027,0.7059055118110237,0.4438538205980066,0.3363766048502139,0.2571428571428571,VAE_Filter
All Exemplars,0.9956249999999999,0.7576592082616179,0.5003367003367003,0.44399421128798844,0.3017543859649122,VAE_Filter
All Exemplars,0.9950980392156863,0.842156862745098,0.41625708884688095,0.5455974842767295,0.43734335839598987,VAE_Filter
All Exemplars,0.9766990291262136,0.9460829493087559,0.6892655367231637,0.42452830188679236,0.43157894736842106,VAE_Filter
All Exemplars,0.9873605947955391,0.7822937625754528,0.6888888888888889,0.4915593705293276,0.28070175438596484,VAE_Filter
All Exemplars,0.9883495145631069,0.5875,0.4714563106796117,0.41069182389937103,0.47393483709273176,VAE_Filter
All Exemplars,0.962295081967213,0.5701754385964912,0.3366136034732272,0.2568152866242038,0.1491228070175438,VAE_Filter
All Exemplars,0.9638297872340423,0.6669421487603305,0.4753719008264463,0.31072961373390556,0.24536340852130317,VAE_Filter
All Exemplars,0.9743243243243243,0.7059760956175299,0.39131886477462435,0.292063492063492,0.2997493734335839,VAE_Filter
All Exemplars,0.9568306010928961,0.5884773662551439,0.46793103448275863,0.40236336779911375,0.3228070175438596,VAE_Filter
All Exemplars,0.9684210526315791,0.6513800424628451,0.5599999999999999,0.38404726735598227,0.33208020050125314,VAE_Filter
All Exemplars,0.9869281045751634,0.8943972835314092,0.39416909620991253,0.3201716738197425,0.2979949874686716,VAE_Filter
All Exemplars,0.9834394904458597,0.9186046511627908,0.6642722117202269,0.529245283018868,0.46340852130325805,VAE_Filter
All Exemplars,0.9972093023255815,0.6839357429718875,0.4891891891891892,0.36938483547925605,0.25889724310776935,VAE_Filter
All Exemplars,0.962303664921466,0.764,0.4723905723905723,0.35137481910274965,0.3107769423558897,VAE_Filter
All Exemplars,0.977961432506887,0.7162790697674418,0.49020979020979016,0.4868537666174298,0.44210526315789467,VAE_Filter
All Exemplars,0.9735211267605635,0.804293381037567,0.5825301204819278,0.3943949044585987,0.2553884711779448,VAE_Filter
All Exemplars,0.995945945945946,0.6986046511627908,0.5895716945996275,0.38710691823899374,0.45388471177944856,VAE_Filter
All Exemplars,0.9815286624203822,0.9550600343053173,0.6375838926174496,0.5680456490727532,0.4947368421052631,VAE_Filter
All Exemplars,0.9880184331797235,0.7115124153498871,0.4443202979515829,0.47668097281831184,0.3518796992481203,VAE_Filter
All Exemplars,0.9642335766423358,0.7735294117647058,0.5540350877192982,0.4428360413589365,0.406766917293233,VAE_Filter
All Exemplars,0.968586387434555,0.7127490039840637,0.5024711696869852,0.3446504992867332,0.3365914786967419,VAE_Filter
All Exemplars,0.9931372549019608,0.915811088295688,0.6262626262626263,0.4051502145922747,0.25914786967418546,VAE_Filter
All Exemplars,0.9934883720930234,0.6427906976744185,0.5962756052141527,0.40125786163522015,0.37167919799498744,VAE_Filter
All Exemplars,0.9761467889908257,0.894279176201373,0.6991652754590986,0.5875,0.37869674185463653,VAE_Filter
All Exemplars,0.9747572815533981,0.9096114519427403,0.5228187919463088,0.34265335235378036,0.27443609022556387,VAE_Filter
All Exemplars,0.9763513513513514,0.6940451745379878,0.489527027027027,0.3919885550786838,0.35639097744360904,VAE_Filter
All Exemplars,0.9584699453551913,0.6828924162257496,0.4771084337349397,0.2960118168389956,0.4147869674185463,VAE_Filter
All Exemplars,0.99163179916318,0.6984251968503937,0.4272425249169435,0.2593437945791726,0.25112781954887214,VAE_Filter
All Exemplars,0.9623711340206187,0.9016,0.6233937397034597,0.5471590909090909,0.44335839598997484,VAE_GMM
All Exemplars,0.9722972972972972,0.9181102362204726,0.6471760797342193,0.4639087018544935,0.4007518796992481,VAE_GMM
All Exemplars,0.993125,0.9462994836488813,0.7787878787878788,0.6862518089725036,0.500250626566416,VAE_GMM
All Exemplars,0.9990196078431373,0.9205882352941176,0.5410207939508507,0.5066037735849057,0.4814536340852129,VAE_GMM
All Exemplars,0.9728155339805825,0.9580645161290324,0.8730696798493408,0.6342767295597485,0.6205513784461153,VAE_GMM
All Exemplars,0.9821561338289964,0.9118712273641851,0.7282828282828283,0.5113018597997139,0.4280701754385964,VAE_GMM
All Exemplars,0.9864077669902913,0.8629807692307692,0.7172815533980582,0.5415094339622641,0.468922305764411,VAE_GMM
All Exemplars,0.9639344262295083,0.8414035087719298,0.636179450072359,0.529171974522293,0.3142857142857142,VAE_GMM
All Exemplars,0.9631205673758864,0.824793388429752,0.6297520661157024,0.597997138769671,0.4776942355889724,VAE_GMM
All Exemplars,0.9763513513513512,0.9,0.76661101836394,0.6095238095238095,0.4839598997493734,VAE_GMM
All Exemplars,0.9573770491803277,0.8625514403292183,0.7148275862068965,0.4460856720827178,0.45438596491228067,VAE_GMM
All Exemplars,0.9662049861495845,0.8904458598726116,0.7392982456140351,0.45110782865583454,0.36065162907268167,VAE_GMM
All Exemplars,0.9882352941176471,0.9202037351443124,0.7434402332361516,0.5276108726752503,0.5736842105263158,VAE_GMM
All Exemplars,0.9802547770700636,0.948062015503876,0.72703213610586,0.7433962264150944,0.5694235588972429,VAE_GMM
All Exemplars,0.9925581395348837,0.9646586345381525,0.8388513513513512,0.6400572246065808,0.49523809523809526,VAE_GMM
All Exemplars,0.9675392670157068,0.9024000000000001,0.4787878787878788,0.467438494934877,0.41253132832080197,VAE_GMM
All Exemplars,0.9713498622589531,0.8003577817531307,0.5811188811188812,0.6401772525849335,0.45513784461152873,VAE_GMM
All Exemplars,0.9735211267605633,0.9141323792486584,0.7135542168674699,0.4721019108280255,0.22255639097744356,VAE_GMM
All Exemplars,0.9952702702702702,0.9390697674418604,0.8160148975791433,0.6553459119496855,0.5553884711779449,VAE_GMM
All Exemplars,0.9808917197452228,0.9523156089193826,0.7429530201342283,0.6151212553495007,0.4651629072681704,VAE_GMM
All Exemplars,0.9889400921658986,0.854627539503386,0.8528864059590315,0.7905579399141631,0.6115288220551378,VAE_GMM
All Exemplars,0.9635036496350364,0.923109243697479,0.6119298245614034,0.503397341211226,0.45889724310776936,VAE_GMM
All Exemplars,0.9664921465968586,0.904780876494024,0.6892915980230642,0.3748930099857346,0.34160401002506263,VAE_GMM
All Exemplars,0.9921568627450981,0.9634496919917865,0.8016835016835018,0.5321888412017167,0.4273182957393484,VAE_GMM
All Exemplars,0.9934883720930234,0.9693023255813953,0.8510242085661079,0.6550314465408805,0.4917293233082707,VAE_GMM
All Exemplars,0.9755351681957187,0.8315789473684211,0.8641068447412354,0.7,0.5483709273182957,VAE_GMM
All Exemplars,0.9737864077669902,0.9406952965235174,0.7691275167785234,0.5121255349500713,0.29724310776942353,VAE_GMM
All Exemplars,0.972972972972973,0.9207392197125257,0.7158783783783784,0.5665236051502146,0.4498746867167919,VAE_GMM
All Exemplars,0.9601092896174863,0.8878306878306879,0.6843373493975904,0.4112259970457902,0.4395989974937343,VAE_GMM
All Exemplars,0.99163179916318,0.9535433070866141,0.7604651162790698,0.6202567760342367,0.5358395989974938,VAE_GMM
